{"cameraMode":{"drawMode":0,"name":"Shaded","section":"Shading Mode"},"sceneLighting":false,"audioPlay":false,"sceneViewState":{"m_AlwaysRefresh":false,"showFog":true,"showSkybox":false,"showFlares":true,"showImageEffects":true,"showParticleSystems":true,"showVisualEffectGraphs":true,"m_FxEnabled":true},"in2DMode":false,"pivot":{"x":-1.0821478366851807,"y":1.580711007118225,"z":1.2904164791107178},"rotation":{"x":0.12763452529907227,"y":-0.6910529732704163,"z":0.12596972286701203,"w":0.7002406716346741},"size":1.1121500730514527,"orthographic":false}